{
    "auth": "2018013968:1:1c9324306dd2f0c2e3bc8623dc9df0d9d9b90cc5e0557843073665d069ceed3d+5a9ba60f795949fac526fe359039e17ce52f6e58f0a4ba3f1a748c98e2ab04fc",
    "description": "Game completed!",
    "score": {
        "escaped_ships": 982,
        "getcannons_received": 2,
        "getturn_received": 1095,
        "invalid_shots": 864,
        "last_turn": 272,
        "remaining_life_on_escaped_ships": 1937,
        "servers_authenticated": [
            1,
            2,
            3,
            4
        ],
        "ship_moves": 7008,
        "shot_received": 1052,
        "sunk_ships": 46,
        "tstamp_auth_completion": 1640549683.188764,
        "tstamp_auth_start": 1640549682.6711097,
        "tstamp_completion": 1640549790.9165075,
        "valid_shots": 154
    },
    "status": 0,
    "type": "gameover"
}